{
  "lib/app_routes.dart": 1775761474.6945424,
  "lib/config/app_config.dart": 1775750617.4247956,
  "lib/data/mock_data.dart": 1775548503.1186428,
  "lib/firebase_options.dart": 1773823928.9593158,
  "lib/l10n/app_localizations.dart": 1775761474.6962292,
  "lib/l10n/app_localizations_en.dart": 1775761474.6967554,
  "lib/l10n/app_localizations_he.dart": 1775761474.6972616,
  "lib/main.dart": 1775750617.4252279,
  "lib/models/app_notification.dart": 1775750617.4255924,
  "lib/models/app_user.dart": 1775750617.4260082,
  "lib/models/care_circle_member.dart": 1775548503.1218472,
  "lib/models/clinical_note.dart": 1775750617.426295,
  "lib/models/invitation.dart": 1775548503.1223497,
  "lib/models/measurement.dart": 1775750617.426661,
  "lib/models/medication.dart": 1773992450.4209795,
  "lib/models/pet.dart": 1775750617.427004,
  "lib/models/pet_access.dart": 1775548503.123194,
  "lib/models/user.dart": 1775750617.427354,
  "lib/models/user_settings.dart": 1773777794.451231,
  "lib/providers/auth_provider.dart": 1775750617.4277856,
  "lib/repositories/invitation_repository.dart": 1775750617.428233,
  "lib/repositories/user_repository.dart": 1775750617.4285617,
  "lib/screens/auth/auth_gate.dart": 1775750617.4289327,
  "lib/screens/auth/login_screen.dart": 1775761474.697862,
  "lib/screens/auth/role_selection_screen.dart": 1775750617.4296782,
  "lib/screens/auth/verify_otp_screen.dart": 1775761474.698321,
  "lib/screens/circle/circle_screen.dart": 1775750617.4301717,
  "lib/screens/dashboard/care_circle_dashboard.dart": 1775750617.4305296,
  "lib/screens/dashboard/owner_dashboard.dart": 1775750617.4309468,
  "lib/screens/dashboard/vet_dashboard.dart": 1775750617.4314833,
  "lib/screens/diary/diary_screen.dart": 1775059304.4097629,
  "lib/screens/invite/invite_screen.dart": 1775750617.4318595,
  "lib/screens/main_shell.dart": 1775750617.4323351,
  "lib/screens/measurement/measurement_screen.dart": 1775750617.4328213,
  "lib/screens/medication/add_medication_sheet.dart": 1775059304.4116423,
  "lib/screens/medication/medication_form_widgets.dart": 1775059304.4119406,
  "lib/screens/medication/medication_screen.dart": 1775059304.412285,
  "lib/screens/messages/messages_screen.dart": 1775750617.4334285,
  "lib/screens/onboarding/onboarding_flow.dart": 1775750617.4337628,
  "lib/screens/onboarding/onboarding_step1.dart": 1775670037.6575103,
  "lib/screens/onboarding/onboarding_step2.dart": 1775670037.6568167,
  "lib/screens/onboarding/onboarding_step3.dart": 1775670037.693529,
  "lib/screens/onboarding/onboarding_step4.dart": 1775750617.434212,
  "lib/screens/pet_detail/pet_detail_screen.dart": 1775750617.4348278,
  "lib/screens/pet_detail/pet_detail_sections.dart": 1775750617.4352937,
  "lib/screens/pet_detail/pet_detail_widgets.dart": 1775750617.4357226,
  "lib/screens/settings/settings_care_circle_widgets.dart": 1775059304.4153347,
  "lib/screens/settings/settings_content.dart": 1775750617.4362292,
  "lib/screens/settings/settings_dialogs.dart": 1775750617.4366975,
  "lib/screens/settings/settings_screen.dart": 1775548503.1325622,
  "lib/screens/settings/settings_widgets.dart": 1775750617.4371545,
  "lib/screens/trends/trends_screen.dart": 1775761799.022063,
  "lib/screens/welcome_screen.dart": 1775761474.699011,
  "lib/services/abstract_reminder_service.dart": 1774884899.1650527,
  "lib/services/auth_service.dart": 1775671031.8595924,
  "lib/services/deep_link_service.dart": 1775299970.0615394,
  "lib/services/deep_link_service_stub.dart": 1774887180.4372954,
  "lib/services/invitation_service.dart": 1775548503.133292,
  "lib/services/measurement_service.dart": 1775750617.4384181,
  "lib/services/medication_service.dart": 1775750617.4386303,
  "lib/services/note_service.dart": 1775750617.4389248,
  "lib/services/notification_service.dart": 1773778466.6401455,
  "lib/services/otp_service.dart": 1775671031.8600657,
  "lib/services/pet_service.dart": 1775548503.133786,
  "lib/services/reminder_service.dart": 1774885529.3786244,
  "lib/services/user_service.dart": 1775059304.4188359,
  "lib/services/web_reminder_service.dart": 1774884903.7669072,
  "lib/stores/invitation_store.dart": 1775750617.4392846,
  "lib/stores/measurement_store.dart": 1775750617.4396284,
  "lib/stores/medication_store.dart": 1775750617.4400792,
  "lib/stores/note_store.dart": 1775750617.4405608,
  "lib/stores/notification_store.dart": 1775750617.4409044,
  "lib/stores/pet_store.dart": 1775750617.441351,
  "lib/stores/settings_store.dart": 1775750617.441635,
  "lib/stores/user_store.dart": 1775750617.4420009,
  "lib/theme/app_assets.dart": 1775761474.699478,
  "lib/theme/app_theme.dart": 1775059304.4201217,
  "lib/theme/semantic/color_scheme.dart": 1775059304.4203682,
  "lib/theme/semantic/semantic.dart": 1775059304.4205465,
  "lib/theme/semantic/text_theme.dart": 1775059304.4208162,
  "lib/theme/tokens/colors.dart": 1775059304.4211216,
  "lib/theme/tokens/shadows.dart": 1775059304.4212925,
  "lib/theme/tokens/spacing.dart": 1775059304.421455,
  "lib/theme/tokens/tokens.dart": 1775059304.4216485,
  "lib/theme/tokens/typography.dart": 1775059304.4219372,
  "lib/utils/csv_export_helper.dart": 1774885008.7408252,
  "lib/utils/csv_export_helper_native.dart": 1774885551.3941865,
  "lib/utils/csv_export_helper_web.dart": 1774888534.6244965,
  "lib/utils/error_handler.dart": 1775750617.4422784,
  "lib/utils/formatters.dart": 1775750617.4425635,
  "lib/utils/platform_utils.dart": 1774887610.1662724,
  "lib/utils/responsive_utils.dart": 1774885575.6457782,
  "lib/widgets/app_dropdown.dart": 1775750617.4428566,
  "lib/widgets/app_header.dart": 1775750617.4431798,
  "lib/widgets/app_image.dart": 1775670037.6812148,
  "lib/widgets/bottom_nav_bar.dart": 1775670037.6574993,
  "lib/widgets/breed_search_field.dart": 1775750617.4435985,
  "lib/widgets/dog_photo.dart": 1775670037.6568341,
  "lib/widgets/labeled_text_field.dart": 1775750617.4439037,
  "lib/widgets/neumorphic_card.dart": 1775670037.658309,
  "lib/widgets/onboarding_shell.dart": 1775750617.4442945,
  "lib/widgets/primary_button.dart": 1775059304.424777,
  "lib/widgets/round_icon_button.dart": 1775670037.693509,
  "lib/widgets/settings_row.dart": 1775059304.4253507,
  "lib/widgets/status_badge.dart": 1775670037.7057161,
  "lib/widgets/toggle_pill.dart": 1775750617.4445808,
  "lib/widgets/user_avatar.dart": 1775671031.8609064,
  "test/accessibility/accessibility_test.dart": 1775548503.135047,
  "test/helpers/fake_document_snapshot.dart": 1775548503.1352317,
  "test/helpers/helpers.dart": 1775548503.1358247,
  "test/helpers/ignore_overflow_errors.dart": 1775059304.4276648,
  "test/helpers/mock_stores.dart": 1775059304.4278731,
  "test/helpers/test_app.dart": 1775059304.4281259,
  "test/helpers/test_http_overrides.dart": 1775059304.4284053,
  "test/models/app_notification_test.dart": 1775671031.8629825,
  "test/models/app_user_test.dart": 1775059304.4291205,
  "test/models/care_circle_member_test.dart": 1775548503.1362324,
  "test/models/clinical_note_test.dart": 1775671031.8639517,
  "test/models/immutability_test.dart": 1775750617.4452276,
  "test/models/invitation_test.dart": 1775548503.1366258,
  "test/models/measurement_test.dart": 1775671031.8643937,
  "test/models/medication_test.dart": 1775671031.8649194,
  "test/models/pet_access_test.dart": 1775548503.1372845,
  "test/models/pet_test.dart": 1775548503.1377292,
  "test/models/user_settings_test.dart": 1775059304.4303155,
  "test/models/user_test.dart": 1775059304.4305415,
  "test/navigation/app_routes_test.dart": 1775671031.8654194,
  "test/providers/auth_provider_test.dart": 1775671104.9557207,
  "test/screens/auth/auth_gate_test.dart": 1775671104.9560368,
  "test/screens/auth/login_screen_test.dart": 1775761474.6999645,
  "test/screens/auth/role_selection_screen_test.dart": 1775671104.9563608,
  "test/screens/auth/verify_otp_screen_test.dart": 1775761474.700535,
  "test/screens/circle/circle_screen_test.dart": 1775671031.8676414,